{"step": [0, 250, 500, 750, 1000], "train_loss": [4.221515655517578, 1.4799854755401611, 1.3553473949432373, 1.2999825477600098, 1.2524454593658447], "val_loss": [4.213068962097168, 1.6676843166351318, 1.59487783908844, 1.5694689750671387, 1.5918490886688232]}